1. MySQL [udacity]> select * from actions;
   ERROR 2006 (HY000): MySQL server has gone away
   No connection. Trying to reconnect...
   Connection id:    9
   Current database: udacity

   +----+-------+----------------+
   | id | user  | action         |
   +----+-------+----------------+
   |  1 | adam  | wake up        |
   |  2 | adam  | eat breakfast  |
   |  3 | adam  | work from home |
   |  4 | adam  | exercise       |
   |  5 | adam  | lunch          |
   |  6 | adam  | work from home |
   |  7 | adam  | eat dinner     |
   |  8 | adam  | sleep          |
   |  9 | rocky | train          |
   +----+-------+----------------+
   9 rows in set (0.04 sec)
2. Query OK, 1 row affected (0.00 sec)

   MySQL [udacity]> INSERT INTO actions(user, action) VALUES('rocky', 'run');
   Query OK, 1 row affected (0.00 sec)

   MySQL [udacity]> INSERT INTO actions(user, action) VALUES('rocky', 'walk');
   Query OK, 1 row affected (0.01 sec)

   MySQL [udacity]> INSERT INTO actions(user, action) VALUES('rocky', 'sleep');
   Query OK, 1 row affected (0.02 sec)

   MySQL [udacity]> select * from actions;
   +----+-------+----------------+
   | id | user  | action         |
   +----+-------+----------------+
   |  1 | adam  | wake up        |
   |  2 | adam  | eat breakfast  |
   |  3 | adam  | work from home |
   |  4 | adam  | exercise       |
   |  5 | adam  | lunch          |
   |  6 | adam  | work from home |
   |  7 | adam  | eat dinner     |
   |  8 | adam  | sleep          |
   |  9 | rocky | train          |
   | 10 | rocky | supplement     |
   | 11 | rocky | run            |
   | 12 | rocky | walk           |
   | 13 | rocky | sleep          |
   +----+-------+----------------+
   13 rows in set (0.01 sec)